name,ring,quadrant,isNew,description
"Distributed systems fundamentals","Adopt","Techniques",false,"Reason about partial failure, network partitions, replication, consistency, coordination, time and failure domains."
"Event-driven architecture","Adopt","Techniques",false,"Design asynchronous systems with explicit event contracts, ownership, ordering, replay, schema evolution and failure handling."
"Idempotency","Adopt","Techniques",false,"Make retried requests and redelivered messages safe using idempotency keys, deduplication boundaries and durable state."
"Delivery semantics","Adopt","Techniques",false,"Understand at-most-once, at-least-once and effectively-once processing and design consumers for duplicates and failures."
"Timeouts, retries and jitter","Adopt","Techniques",false,"Use bounded timeouts and retry appropriate failures with exponential backoff and jitter without amplifying outages."
"Circuit breakers","Adopt","Techniques",false,"Protect services from unhealthy dependencies and understand interaction with retries, timeouts and fallbacks."
"Rate limiting and backpressure","Adopt","Techniques",false,"Control demand with rate limits, bounded queues, flow control and load shedding."
"Caching strategies","Adopt","Techniques",false,"Understand cache-aside, invalidation, TTLs, consistency, hot keys, stampedes and cache failure modes."
"API design and evolution","Adopt","Techniques",false,"Design stable APIs with clear contracts, errors, pagination, idempotency, compatibility and deprecation strategies."
"Database transactions and isolation","Adopt","Techniques",false,"Understand ACID, MVCC, isolation levels, anomalies, locks, deadlocks and transaction boundaries."
"Database indexing and query optimization","Adopt","Techniques",false,"Use execution plans, statistics, indexes and workload evidence to diagnose database performance."
"Data modeling and access patterns","Adopt","Techniques",false,"Model data from access patterns, invariants, cardinality, lifecycle and scale."
"Horizontal partitioning and sharding","Adopt","Techniques",false,"Understand shard-key selection, hotspots, resharding, fan-out queries and routing."
"Replication and consistency models","Adopt","Techniques",false,"Reason about replication lag, read consistency, quorum concepts and strong versus eventual consistency."
"Concurrency control","Adopt","Techniques",false,"Understand optimistic and pessimistic concurrency, atomic operations, races and lost updates."
"Observability","Adopt","Techniques",false,"Design useful logs, metrics and traces and connect telemetry to user-visible outcomes."
"SLIs, SLOs and error budgets","Adopt","Techniques",true,"Define reliability from the user's perspective and use error budgets and burn-rate signals to balance reliability and delivery."
"Incident response and blameless postmortems","Adopt","Techniques",false,"Mitigate incidents systematically, communicate clearly and turn contributing factors into durable improvements."
"Graceful degradation","Adopt","Techniques",true,"Preserve critical functionality during overload or dependency failure using fallbacks and load shedding."
"Capacity planning","Adopt","Techniques",true,"Estimate throughput, concurrency, storage and saturation points and validate assumptions against production behavior."
"Load and performance testing","Adopt","Techniques",false,"Model representative workloads and interpret latency percentiles, throughput, errors and saturation."
"Secure-by-design development","Adopt","Techniques",false,"Treat authentication, authorization, secrets, validation, encryption and dependency risk as design concerns."
"Threat modeling","Adopt","Techniques",true,"Identify assets, trust boundaries, threats and mitigations during system design."
"Architecture Decision Records","Adopt","Techniques",true,"Record consequential architectural decisions, context, alternatives and trade-offs."
"Modular monolith","Adopt","Techniques",true,"Prefer strong internal boundaries without distributed-systems overhead when independent deployment is not justified."
"Microservices","Adopt","Techniques",false,"Understand service boundaries, independent deployment, data ownership and operational costs; use them when constraints justify them."
"API gateway pattern","Adopt","Techniques",false,"Understand routing, authentication, policy enforcement, rate limiting and aggregation at service boundaries."
"Service discovery","Adopt","Techniques",false,"Understand dynamic endpoint discovery, health and DNS or registry-based service location."
"DORA metrics","Adopt","Techniques",true,"Use delivery and stability measures as system-level feedback rather than simplistic individual productivity scores."
"Trunk-based development","Adopt","Techniques",true,"Keep integration continuous through small changes, short-lived branches, automated tests and feature controls."
"Feature flags","Adopt","Techniques",false,"Decouple deployment from release, support progressive rollout and remove stale flags."
"AI-assisted software engineering","Adopt","Techniques",true,"Use coding agents for investigation and implementation while retaining human ownership of architecture, verification and production outcomes."
"Repository instructions for coding agents","Adopt","Techniques",true,"Maintain concise repository instructions such as AGENTS.md covering architecture, testing, conventions and constraints."
"Zero trust architecture","Trial","Techniques",true,"Understand identity-centric security, least privilege and continuous verification across service boundaries."
"Transactional Outbox","Trial","Techniques",true,"Practice solving the database-and-message dual-write problem with a durable outbox and idempotent consumers."
"Saga pattern","Trial","Techniques",true,"Coordinate multi-service transactions with local transactions and compensations; compare orchestration and choreography."
"Change Data Capture","Trial","Techniques",true,"Understand log-based data-change propagation and when CDC is preferable to application publishing or polling."
"Event schema evolution","Trial","Techniques",true,"Evolve asynchronous contracts safely using compatibility rules, tolerant consumers and controlled migrations."
"Workflow orchestration","Trial","Techniques",true,"Model long-running failure-prone business processes durably and compare workflow engines with queues and state machines."
"Domain-driven design","Trial","Techniques",false,"Use bounded contexts and ubiquitous language to manage complex domains without turning patterns into ceremony."
"Evolutionary architecture","Trial","Techniques",true,"Design architectures that can change incrementally and protect important characteristics with feedback."
"Strangler Fig migration","Trial","Techniques",true,"Modernize systems incrementally by routing functionality from legacy components to new implementations."
"Progressive delivery","Trial","Techniques",true,"Use canary and phased rollouts with observability and rollback criteria to reduce change risk."
"Cost-aware architecture / FinOps","Trial","Techniques",true,"Include compute, storage, network and managed-service economics in architecture decisions."
"Context engineering","Trial","Techniques",true,"Curate instructions, retrieved knowledge, tools and context boundaries for effective AI-assisted engineering."
"Agent Skills","Trial","Techniques",true,"Experiment with modular reusable agent capabilities and distinguish them from repository instructions and prompts."
"Agent evaluation and verification","Trial","Techniques",true,"Evaluate nondeterministic agent behavior with repeatable tasks, tests, traces and human review."
"CQRS","Assess","Techniques",false,"Understand separating command and query models and the consistency and operational complexity it introduces."
"Event sourcing","Assess","Techniques",false,"Understand event logs as source of truth, projections, replay and snapshots without treating the pattern as a default."
"Consensus and Raft","Assess","Techniques",true,"Understand quorum, leader election, terms, replicated logs and network partitions."
"Logical clocks and causal ordering","Assess","Techniques",true,"Understand Lamport and vector-clock concepts and why wall-clock timestamps cannot establish causality."
"CRDTs","Assess","Techniques",true,"Understand convergent replicated data structures and coordination-free conflict resolution."
"Distributed locking","Assess","Techniques",true,"Understand leases, fencing tokens and why naive distributed locks can violate correctness."
"Chaos engineering","Assess","Techniques",true,"Use controlled failure injection to validate resilience hypotheses after foundational reliability practices are established."
"Platform engineering","Assess","Techniques",true,"Understand internal developer platforms, paved roads and self-service capabilities."
"RAG architecture","Assess","Techniques",true,"Understand retrieval, chunking, embeddings, ranking, permissions, grounding and evaluation."
"Model Context Protocol (MCP)","Assess","Techniques",true,"Understand MCP interoperability and trust boundaries while recognizing when direct APIs or CLIs are simpler."
"Service mesh by default","Hold","Techniques",true,"Do not introduce a service mesh without concrete traffic policy, identity or observability needs that justify its operational cost."
"Premature microservice decomposition","Hold","Techniques",true,"Avoid independently deployed services before boundaries, scaling needs or ownership justify distributed-systems complexity."
"Exactly-once assumptions","Hold","Techniques",true,"Avoid designing correctness around simplistic exactly-once claims; model retries, duplicates and side effects explicitly."
"Unbounded retries and queues","Hold","Techniques",true,"Avoid retry loops and queues without explicit limits, backpressure, expiry and failure handling."
"Coding throughput as productivity","Hold","Techniques",true,"Do not equate lines of code, commits or AI-generated volume with engineering productivity."
"Linux","Adopt","Platforms",false,"Understand processes, signals, filesystems, permissions, networking, resource limits and common production diagnostics."
"Containers","Adopt","Platforms",false,"Understand images, layers, namespaces, cgroups, networking, registries and container lifecycle."
"Kubernetes","Adopt","Platforms",false,"Be production-confident with workloads, probes, requests and limits, autoscaling, networking, rollouts and failure diagnosis."
"Google Cloud Platform","Adopt","Platforms",false,"Understand IAM, networking, compute, managed data services, messaging, observability, quotas and cost."
"PostgreSQL","Adopt","Platforms",false,"Know planner and statistics, indexing, MVCC, VACUUM, WAL, locks, replication, partitioning and connection management."
"Redis","Adopt","Platforms",false,"Understand caching, data structures, persistence, eviction, replication, clustering, hot keys and failure modes."
"GCP Pub/Sub","Adopt","Platforms",false,"Understand delivery semantics, ordering, retries, dead-letter topics, flow control, scaling, quotas and monitoring."
"Object storage","Adopt","Platforms",true,"Understand S3/GCS-style storage semantics, lifecycle, multipart transfer, signed access and architecture use cases."
"Managed relational databases","Adopt","Platforms",true,"Understand backups, PITR, replicas, failover, maintenance, connection limits and managed-service trade-offs."
"Apache Kafka","Trial","Platforms",true,"Gain hands-on experience with partitions, consumer groups, offsets, ordering, retention, rebalancing and operations."
"BigQuery","Trial","Platforms",false,"Understand analytical modeling, partitioning, clustering, query cost and OLAP versus OLTP boundaries."
"ClickHouse","Trial","Platforms",true,"Gain experience with columnar OLAP workloads and compare it with PostgreSQL and warehouse systems."
"Cassandra / Dynamo-style databases","Trial","Platforms",true,"Understand partition keys, consistent hashing, quorum behavior, LSM storage, compaction and eventual consistency."
"Temporal","Trial","Platforms",true,"Explore durable workflow execution and compare it with queues, sagas and hand-built state machines."
"Content delivery networks","Trial","Platforms",true,"Understand edge caching, cache keys, invalidation, origin protection and latency/cost trade-offs."
"Elasticsearch / OpenSearch","Trial","Platforms",true,"Understand inverted indexes, mappings, shards, replicas and search workloads without using it as a default transactional store."
"Apache Iceberg","Assess","Platforms",true,"Understand analytical table formats, snapshots, schema evolution and lakehouse architecture."
"Vector databases","Assess","Platforms",true,"Understand vector indexing, similarity retrieval, metadata filtering and semantic-search/RAG trade-offs."
"Service mesh","Assess","Platforms",false,"Understand mTLS, traffic policy and telemetry benefits versus infrastructure and debugging complexity."
"AWS","Assess","Platforms",true,"Maintain cloud-portable literacy across compute, IAM, networking, storage, messaging and databases."
"Cloudflare","Assess","Platforms",true,"Understand edge compute, CDN, DNS, security and globally distributed application capabilities."
"Serverless platforms","Assess","Platforms",true,"Understand event-driven execution, scaling, cold starts, limits and cost models."
"Git","Adopt","Tools",false,"Use branching, rebasing, bisect, reflog and history investigation confidently and understand Git's object model."
"Docker","Adopt","Tools",false,"Build secure, minimal and reproducible images and diagnose container build and runtime problems."
"OpenTelemetry","Adopt","Tools",false,"Instrument vendor-neutral telemetry and understand context propagation, sampling, semantic conventions and collectors."
"Prometheus","Adopt","Tools",true,"Understand metric types, labels and cardinality, PromQL, recording rules and alerting."
"Grafana","Adopt","Tools",false,"Create diagnostic dashboards around service health, SLOs and business-relevant signals."
"Go pprof","Adopt","Tools",true,"Diagnose CPU, heap, allocation, goroutine, mutex and blocking problems in Go services."
"EXPLAIN / EXPLAIN ANALYZE","Adopt","Tools",false,"Read PostgreSQL plans and connect estimates, scans, joins, buffers and statistics to query performance."
"Terraform / OpenTofu","Adopt","Tools",true,"Understand infrastructure modules, state, plans, drift, lifecycle and safe deployment workflows."
"GitHub Actions","Adopt","Tools",true,"Design CI/CD workflows with caching, artifacts, environments, security boundaries and deployment gates."
"Static analysis and linters","Adopt","Tools",true,"Use automated analysis to catch correctness, security and maintainability issues early."
"Dependency and vulnerability scanning","Adopt","Tools",true,"Identify vulnerable dependencies, leaked secrets and risky artifacts and maintain a remediation process."
"Database migration tools","Adopt","Tools",true,"Use versioned schema migrations safely and understand expand-contract changes, compatibility, locking and rollback limitations."
"Coding agents","Adopt","Tools",true,"Use coding agents for repository investigation, implementation and verification without outsourcing engineering judgment."
"Make / task runners","Adopt","Tools",true,"Provide predictable build, test, lint, generation and local workflows."
"Go execution tracer","Trial","Tools",true,"Investigate scheduler, goroutine, GC and latency behavior when profiles are insufficient."
"Helm","Trial","Tools",false,"Maintain Kubernetes application packaging while recognizing templating complexity and alternatives."
"k6","Trial","Tools",true,"Create repeatable load tests and interpret latency, throughput, errors and saturation."
"Delve","Trial","Tools",true,"Debug Go processes and tests using breakpoints, goroutine inspection and runtime state."
"Local Kubernetes environments","Trial","Tools",true,"Use local clusters such as kind or minikube to reproduce Kubernetes behavior."
"Dev Containers","Trial","Tools",true,"Create reproducible development environments for onboarding, CI parity and sandboxed agent execution."
"eBPF observability tools","Assess","Tools",true,"Understand low-overhead kernel and network observability and when eBPF helps production diagnosis."
"Go","Adopt","Languages & Frameworks",false,"Go beyond syntax into scheduler behavior, goroutines, channels, memory, GC, escape analysis, networking, profiling and API design."
"SQL","Adopt","Languages & Frameworks",false,"Treat SQL as a core engineering language including joins, windows, CTEs, aggregation, locking and plan implications."
"HTTP","Adopt","Languages & Frameworks",false,"Understand methods, status codes, headers, caching, conditional requests and HTTP/1.1, HTTP/2 and HTTP/3 trade-offs."
"gRPC","Adopt","Languages & Frameworks",false,"Design RPC services with deadlines, cancellation, streaming, interceptors, status semantics and observability."
"Protocol Buffers","Adopt","Languages & Frameworks",false,"Evolve typed schemas safely using field-number discipline and compatibility rules."
"OpenAPI","Adopt","Languages & Frameworks",false,"Use machine-readable HTTP API contracts for documentation, validation, compatibility and generation."
"Regular expressions","Adopt","Languages & Frameworks",true,"Use regex safely while understanding readability, performance and ReDoS risks."
"Bash / shell scripting","Adopt","Languages & Frameworks",true,"Automate tasks safely with quoting, pipes, exit handling and portable command composition."
"JSON Schema","Trial","Languages & Frameworks",true,"Use machine-readable validation for JSON payloads and configuration and understand schema evolution."
"Python","Assess","Languages & Frameworks",true,"Maintain enough Python literacy for automation, data and AI tooling and cross-team collaboration."
"WebAssembly","Assess","Languages & Frameworks",true,"Understand sandboxed portable execution and emerging server-side and plugin use cases."